﻿<?xml version="1.0" encoding="UTF-8"?>
<xbel version="1.0" added="2018-12-12">
  <owner>Armando Bronca Segura</owner>
  <desc>Favoritos de clase de Armando.   Guardado para poder importar al reinstalar de  cero el pc y pasar a linux mint</desc>
  <folder folded="yes">
    <title>+++ Bookmarks Bar - Browser view</title>
    <desc>Para mostrar en barra navegador</desc>
    <bookmark href="http://qt.io/">
      <title>Qt Home Page</title>
      <desc>Resumen: pagina inicia l de Qt..</desc>
      <ranking type="google">75.2</ranking>
      <tag>Culture</tag>
    </bookmark>
    <bookmark href="http://doc.qt.io/">
      <title>Qt Documentation</title>
      <ranking type="yahoo">83.1</ranking>
      <tag>Culture</tag>
      <tag>International</tag>
      <tag>Europe</tag>
    </bookmark>
    <bookmark href="http://planet.qt.io/">
      <title>Qt Blog</title>
      <desc>Elemento con descripión per o sin ranking</desc>
    </bookmark>
    <bookmark href="http://www.qtcentre.org/">
      <title>Qt Centre</title>
    </bookmark>
    <bookmark href="http://qt-apps.org/">
      <title>Qt-Apps.org</title>
    </bookmark>
    <bookmark href="http://wiki.qt.io/OnlineCommunities">
      <title>Online Communities</title>
    </bookmark>
    <bookmark href="http://webkit.org/">
      <title>WebKit.org</title>
    </bookmark>
    <bookmark href="http://xkcd.com/">
      <title>xkcd</title>
    </bookmark>
    <bookmark href="http://twitter.com/qtproject">
      <title>Twitter</title>
    </bookmark>
  </folder>
  <folder folded="no">
    <title> >>> Bookmarks Menu - to internal management</title>
      <bookmark href="http://reddit.com/">
      <title>reddit.com: what's new online!</title>
      <ranking type="google">75.2</ranking>
      <tag>News</tag>
      <tag>Tech</tag>
            <tag>Lunar view</tag>
    </bookmark>
        <bookmark href="http://reddit.com/">
      <title>reddit.com: what's new online!</title>
      <ranking type="google">85.7</ranking>
      <tag>News</tag>
      <tag>Tech</tag>
    </bookmark>
  </folder>
</xbel>
