<?xml version="1.0" encoding="UTF-8"?>
<OpenSearchDescription xmlns="http://a9.com/-/spec/opensearch/1.1/" xmlns:referrer="http://a9.com/-/opensearch/extensions/referrer/">
    <ShortName>uniwebsidad</ShortName>
    <Description>Recursos para aprender diseño y programación.</Description>
    <Image height="32" width="32" type="image/png">https://uniwebsidad.com/favicon.png</Image>
    <Url type="text/html" method="GET" template="https://uniwebsidad.com/buscar?q={searchTerms}&amp;src={referrer:source?}"/>
    <InputEncoding>UTF-8</InputEncoding>
    <AdultContent>false</AdultContent>
</OpenSearchDescription>
